peptide	iDPPIV_score	dG_kcal_mol
APQIP	1.565	-6.807
LPPGP	2.452	-6.558
APPSQ	0.840	-6.473
APSQP	0.840	-6.416
LPGP	1.578	-6.392
IPDAP	0.964	-6.38
LAIPP	1.247	-6.306
VPPN	1.839	-6.285
LPPNS	0.799	-6.261
LPPPR	1.971	-6.205
LPPH	1.671	-6.204
LPPV	2.119	-6.176
LPQI	1.248	-6.169
LPVAP	1.619	-6.133
LPPQ	2.182	-6.109
LPPPS	1.897	-6.099
LPQA	0.807	-6.063
LPTPR	0.949	-6.057
LPEG	0.884	-6.017
LPPII	1.687	-5.99
LPPA	1.306	-5.983
LPPSG	0.793	-5.914
LPSP	1.022	-5.905
LPGDP	1.352	-5.877
APEV	0.868	-5.841
MPR	0.866	-5.808
MAPSP	1.167	-5.801
MPHM	2.144	-5.786
VPEEG	1.320	-5.775
LPAQP	1.682	-5.768
MPVS	1.105	-5.766
LPDDP	1.356	-5.728
LPPTA	1.160	-5.728
LPQGH	0.943	-5.698
VPG	0.958	-5.676
VPI	1.128	-5.651
VPV	1.500	-5.565
VPT	1.041	-5.548
LPH	0.797	-5.548
MAIP	1.017	-5.541
LPINP	1.523	-5.539
LPI	0.872	-5.535
LPP	1.807	-5.532
LPPG	1.578	-5.525
MPQ	1.953	-5.523
MPPA	1.952	-5.504
IPV	1.128	-5.503
VPMV	2.202	-5.488
LPV	1.245	-5.481
LPQ	1.308	-5.466
LPDVT	0.872	-5.44
LPE	1.113	-5.426
VPVEV	1.994	-5.384
VPPK	1.204	-5.383
IPE	0.996	-5.269
MPMA	1.779	-5.266
LPVAQ	1.120	-5.244
MPT	1.430	-5.165
MAP	1.077	-5.079
MAME	1.085	-4.452
IPDAP	0.964	-5.633
VPG	0.958	-5.752
LPTPR	0.949	-6.207
LPTPR	0.949	-6.185
LPQGH	0.943	-6.01
LPEG	0.884	-6.161
LPQGH	0.943	-5.51
LPEG	0.884	-6.32
LPDVT	0.872	-5.733
LPI	0.872	-5.544
APEV	0.868	-5.781
LPDVT	0.872	-5.83
LPI	0.872	-5.357
MPR	0.866	-5.539
APEV	0.868	-5.958
MPR	0.866	-5.599
APPSQ	0.840	-6.423
APPSQ	0.840	-6.513
APSQP	0.840	-6.392
LPQA	0.807	-6.128
APSQP	0.840	-6.285
LPQA	0.807	-6.129
LPPNS	0.799	-5.826
LPH	0.797	-5.656
LPPNS	0.799	-6.282
LPH	0.797	-5.554
LPPSG	0.793	-5.769
LPPSG	0.793	-5.792
